feature,group,rf_mdi,rf_perm_mean,rf_perm_std,mlp_perm_mean,mlp_perm_std
H_bin0,H,0.015264477413610452,0.005203883274069154,0.004314002810330079,0.012407252009427801,0.006336486781184303
H_bin1,H,0.013608650350097513,0.007514419672937334,0.004584462890134075,0.0015320239640142805,0.00568195908040675
H_bin2,H,0.022496145063801945,0.02190842982984661,0.005118927298313922,0.011871592180918,0.007918196730114844
H_bin3,H,0.024922494573208068,0.009097126172535963,0.00606553098495462,0.016263375271383725,0.008162910730487803
H_bin4,H,0.012267308602897875,0.0010099141355069878,0.00420301022237482,0.010779096124497189,0.005210671625692555
H_bin5,H,0.007305079097658853,4.572656980795416e-05,0.003991790236617178,-0.002253707074027367,0.004384043451589552
H_bin6,H,0.006792649918407873,0.0024378503490498677,0.0032619779245025684,0.007186365835886096,0.0030431130721160697
H_bin7,H,0.006244857899560148,0.002644248490494631,0.0029226442911105444,0.007171037950152104,0.0034735366584911203
H_bin8,H,0.0055247729203888344,-0.000147116717820898,0.0025521965899754245,0.012390711668179151,0.004495770929974414
H_bin9,H,0.006604113424529219,0.0001548794266014397,0.0030603526986048204,0.004938756401354083,0.004399639025223285
H_bin10,H,0.007481085194043447,-0.004013542408348099,0.002415034982984939,0.0007740640366294219,0.0034617810157094382
H_bin11,H,0.00683901550429739,-0.004085015055730305,0.0027506418609022825,0.01714802304183657,0.006058320707158295
H_bin12,H,0.006256880455750201,-0.0019595732609458127,0.003986631648274256,0.0025297485172395126,0.0039965120057510834
H_bin13,H,0.007255693681473313,0.0023904455847044296,0.0035157788120360155,0.021189533839211818,0.006625365967540342
H_bin14,H,0.01700409717088307,0.0013222525969675547,0.003906507514285808,0.027279842747497948,0.009443776481995294
H_bin15,H,0.010039679420803312,0.005221277296619227,0.005592699520447191,0.014626279909097529,0.006721664497176725
H_bin16,H,0.005520490502949795,0.0023478000552478026,0.003843335447843514,0.005029233315170634,0.003991741295490685
H_bin17,H,0.0057588655145526324,0.0010852959004695813,0.002063684330506894,0.001206970040204151,0.004310337201639625
H_bin18,H,0.0069630904008849545,0.0044366751766205265,0.0038954406187373413,0.0020765402959621038,0.0032233830405286284
H_bin19,H,0.004883480383553167,0.0039780134229548255,0.003630224838326573,0.01078905259905037,0.003284159164220839
H_bin20,H,0.012967293795977277,0.0062122664052906675,0.0043270418769076795,0.0035454900739853392,0.003991146401648337
H_bin21,H,0.009026229394502198,0.0046727457756320775,0.0028573602949261688,0.0022792230348885113,0.003740203033492722
H_bin22,H,0.006854488868865976,0.006522414040638021,0.003747408656038727,0.009907774978551194,0.004341041143452614
H_bin23,H,0.0,0.0,0.0,0.0,0.0
H_bin24,H,0.0,0.0,0.0,0.0,0.0
H_bin25,H,0.0,0.0,0.0,0.0,0.0
H_bin26,H,0.0,0.0,0.0,0.0,0.0
H_bin27,H,0.0,0.0,0.0,0.0,0.0
H_bin28,H,0.0,0.0,0.0,0.0,0.0
H_bin29,H,0.0,0.0,0.0,0.0,0.0
H_bin30,H,0.0,0.0,0.0,0.0,0.0
H_bin31,H,0.0,0.0,0.0,0.0,0.0
S_bin0,S,0.016396483509290894,0.00969052406011303,0.005368439540157168,0.011946999537674478,0.0068235731457244285
S_bin1,S,0.012772256487171419,0.006093004597458218,0.005231082647771541,0.014498446548016726,0.007026301235681791
S_bin2,S,0.01674084537713288,0.007018053693777589,0.00443650843749375,0.038644926449350005,0.008037336101078464
S_bin3,S,0.011926658930440424,0.0034585731308730255,0.0047355271635502304,0.02438526442478871,0.006711839770612286
S_bin4,S,0.01097938996197285,0.005557490613932078,0.004109016468359235,0.004791355035583071,0.004654945290372922
S_bin5,S,0.010798927142040716,0.00814140593588584,0.003279119731705,0.0026677195797040827,0.005767823613560164
S_bin6,S,0.008675034515237389,-0.00029651099492703875,0.001886404144317632,0.007610339042304167,0.005331376042248525
S_bin7,S,0.007557606497578546,0.00041604617989247455,0.003228622227394886,0.0005861327043186353,0.004012618973983755
S_bin8,S,0.0072986947426735204,0.0011543708986176107,0.002748772369784701,0.0069310942950237915,0.0042416078760521125
S_bin9,S,0.007275688096946148,0.0010691784377713268,0.0027771141336252873,0.00653137331548355,0.0042611540132843385
S_bin10,S,0.009884880773959971,-4.038637137561881e-05,0.003373750444333292,0.005949709592193098,0.005767983268674145
S_bin11,S,0.00876212255037347,0.001465721389558572,0.002812969015097502,0.0018825614751938299,0.005875411183047098
S_bin12,S,0.008982989240389282,0.0014992165587029945,0.0046569782208453975,0.005008046388142843,0.005124414475823185
S_bin13,S,0.010032568154457593,0.005617636394345748,0.001973213255137428,0.009305104483294897,0.0057398672419022535
S_bin14,S,0.009393090101460992,0.006028603392512429,0.0032685246866981242,0.0033562262770942134,0.005375029972271187
S_bin15,S,0.010415408707329906,0.000962987052375693,0.0028127540817877343,0.0037918508911759003,0.0049333900141702
S_bin16,S,0.010068540343242997,-0.0009508748665328988,0.0030960165292442865,0.004357189150566773,0.0051844214709608335
S_bin17,S,0.0075860244988923235,0.008656398398316301,0.0035941074613877115,-0.00014137524662557097,0.0036310918695031218
S_bin18,S,0.006303251353419792,0.002717471197686968,0.0025805895742524237,-0.0010699861891795281,0.0023812553520003404
S_bin19,S,0.004471556828855491,0.0023204065563034227,0.002433080444364845,0.0008728667085207475,0.002295959298464247
S_bin20,S,0.004538015886149187,1.8404078788384717e-05,0.0024314244271448787,-0.0010490389318301597,0.0029611901841423206
S_bin21,S,0.0042829263891776825,0.0020094349206955854,0.003061614950305719,0.001732149743869201,0.0035698911147148136
S_bin22,S,0.004068386358684109,0.004299998595721096,0.0027452559876019493,0.0048226407963219385,0.004560486613914237
S_bin23,S,0.0036909610027855205,-0.0014036702603549094,0.0026017439541657036,0.0025752745335857288,0.003698066782703303
S_bin24,S,0.0037055008066630897,-0.0023178950933572065,0.0022606833894747015,-0.0005554842108899375,0.004877598344259751
S_bin25,S,0.004315509411925118,0.0016893997784921734,0.002573955674787965,0.0006387626931043556,0.005394268033361499
S_bin26,S,0.0037381173482072968,-0.0029733807205055696,0.002305825656597622,0.004703267752179522,0.005448957528619926
S_bin27,S,0.004192582354598718,-0.002667559513824029,0.0022073825867860927,0.00694192974891773,0.005254157828178263
S_bin28,S,0.003986899906651864,0.0003242184615276034,0.003256444293920181,0.004182309944040978,0.004333765023257704
S_bin29,S,0.004636522790127703,0.0005755289339690495,0.003416618974181661,0.011430292212367018,0.006568687341503381
S_bin30,S,0.003990493005576103,0.0004031827661990728,0.0023616146000976627,0.01731199601513615,0.006387016950361154
S_bin31,S,0.0053980412138712785,-0.0001868829015652181,0.0037693655086171863,0.0052478442421147265,0.004973443027997421
V_bin0,V,0.005792428953759234,-0.003679036684604009,0.002356388032810684,0.005226269857595159,0.0036156662634416535
V_bin1,V,0.008499871195958422,-0.004499366027391479,0.003848453750314146,0.013644426107342148,0.006154676896754512
V_bin2,V,0.008245513984724945,-0.0056218946584276844,0.00390909854572057,0.005450468649831286,0.006699593092476536
V_bin3,V,0.008721599251762515,0.0019965356918944964,0.004992052351788034,-1.4600748188039099e-05,0.004798436988852915
V_bin4,V,0.008501772287875345,0.0030244956009465715,0.0044101273538972655,0.005381392464213545,0.006602450139226737
V_bin5,V,0.009383887598363665,0.0035002725557438776,0.004692193517453741,-0.0016315012160093493,0.004142636918972825
V_bin6,V,0.00928093654861312,0.002332808981491515,0.0033162940806948015,-0.0006166673021355762,0.004535246931702618
V_bin7,V,0.010556812365720359,-0.004060341546718626,0.0037128142379290793,0.005203660550288965,0.006232435317010867
V_bin8,V,0.009031450819314895,-0.00021831230022260802,0.0034502481713225125,0.004042919234047123,0.004467515175935494
V_bin9,V,0.008405422899168447,-0.0010732822592196545,0.0035631817275584587,0.0031987250478464216,0.004777280811578025
V_bin10,V,0.008124712045924336,-0.004427009486263792,0.0023099591674689687,5.068207545685377e-05,0.005200085163621098
V_bin11,V,0.008408343098129493,-0.0011767055081546038,0.0033845008217890087,0.0024611309237289455,0.0064551598817076785
V_bin12,V,0.007169823641012111,-0.002650945209610593,0.0017962389087333636,0.0018582997742084052,0.005313788993782256
V_bin13,V,0.006470581753989325,0.0036210250160836417,0.0031396755960155956,0.005031624987961062,0.005314282638310367
V_bin14,V,0.006429664922260935,0.0008784018292500861,0.002720916737753725,0.01898434916280787,0.004646227494914695
V_bin15,V,0.00595583824690674,0.0019566237791031576,0.0030163060692262964,0.004460897572383797,0.0065397400462728775
V_bin16,V,0.006489108360869617,0.0005480349411379796,0.002400614454452337,0.0004580430898938152,0.005285729318848532
V_bin17,V,0.007087415281503896,0.009290453866840406,0.003583865115273607,-5.981839317712456e-05,0.006914775435729254
V_bin18,V,0.008258108251602485,0.004342043524790373,0.00359705279140294,0.015138743519841458,0.0076572993057507956
V_bin19,V,0.00770888935325058,0.0053627027438023535,0.0034346169227953663,0.007974341748247786,0.004591170539639233
V_bin20,V,0.008053640454983396,0.0008683912572120829,0.002824588205793473,0.0008437033373177434,0.00628021401210824
V_bin21,V,0.009088607660940533,0.007622523859435171,0.0036542952065789927,0.005545877252020537,0.005827582040894672
V_bin22,V,0.007043706168531961,0.003745989107233353,0.00325245292795783,0.008153772714815636,0.006987741779412724
V_bin23,V,0.007602069935454887,0.0007729990671356823,0.0037126417244309163,0.0007515336040105125,0.005772081071464147
V_bin24,V,0.00672939976898712,-0.00034876165849824595,0.003196845387090965,0.00745630550376235,0.0069457467572166835
V_bin25,V,0.007783972636986947,-0.0015747792646326716,0.002157721906196351,0.0074148277157422265,0.005495136878412595
V_bin26,V,0.007889369059198325,-0.0013744241297839281,0.0031511673339298728,0.016632599199016326,0.005909222229462082
V_bin27,V,0.007972213870685568,-0.0005974117236000498,0.0036358060382445535,0.005904891129428991,0.005080706714090668
V_bin28,V,0.008191297352108075,0.0014800069362166269,0.002532468302051686,0.007989091639623077,0.005848243952792192
V_bin29,V,0.007999943798272952,0.002963247121253565,0.0036497441156458058,0.0025730432345726583,0.007054715179003713
V_bin30,V,0.007774335056552283,0.0005583420170492034,0.003399833092771284,0.011036546822991803,0.0059894791290843715
V_bin31,V,0.00985340415774835,-0.0008903492975807318,0.004194825261626259,-0.0006114863435910871,0.005396334842320423
LBP_bin0,LBP,0.015396945477351306,0.0030895026757531085,0.003553300861174133,0.009352236617347265,0.007678851996122793
LBP_bin1,LBP,0.014850225122457152,-6.85827551833477e-05,0.00523205339502932,-0.002922989753984366,0.004893290334974534
LBP_bin2,LBP,0.014639931688488522,0.0024111045867603637,0.004140514236474563,0.007820069077391186,0.0071458653954546356
LBP_bin3,LBP,0.0065508058388789045,0.001728105321660789,0.0022288555838684944,0.005109969572239866,0.004444660820544509
LBP_bin4,LBP,0.008088514623454236,0.00022078243593160647,0.0041992716480842174,0.016069860334295714,0.007224732858637978
LBP_bin5,LBP,0.007321701326241967,0.003613443376206963,0.002509427289211051,0.0038634334909963004,0.005526173441084109
LBP_bin6,LBP,0.0074566295765793825,-0.001513006606992769,0.002443381580927958,0.00662696939981671,0.006624328100796219
LBP_bin7,LBP,0.006845269132245891,0.003378748368524905,0.004578958844139274,0.0034802405014844624,0.0067827242702436005
LBP_bin8,LBP,0.00825400882129956,-0.0016160886579948445,0.0037639828178020686,-0.0004979636613943332,0.005533037066955997
LBP_bin9,LBP,0.007785164591565797,-0.0006540558361125178,0.002795229057662315,0.003184460442779883,0.008640205454662497
LBP_bin10,LBP,0.007617009385681186,-0.0021489194265594852,0.0032122174799435075,0.015354464994720162,0.00667791562442657
LBP_bin11,LBP,0.009310531240241756,0.007527348736594186,0.003457486893392443,0.021190374135715475,0.008269166462883632
LBP_bin12,LBP,0.008738653368130374,0.0045009258110308165,0.0039003659352795125,0.033940104705022,0.008900170662843153
LBP_bin13,LBP,0.009109617800766443,0.0036478310551852394,0.003098240190637499,0.025049944378073407,0.009116693894361724
LBP_bin14,LBP,0.007177990727232151,0.0015515007195418984,0.002473532423321433,0.00627009466027381,0.006497590730288476
LBP_bin15,LBP,0.011274895467434876,-0.003640750340587802,0.003302944996576471,0.0009774776524832088,0.0039180905720248155
LBP_bin16,LBP,0.011090484529076445,0.0010349042121738927,0.003777711367602716,0.0030442053877982192,0.005468207016643675
LBP_bin17,LBP,0.018129913685244366,0.0044508858690853045,0.004978516382203256,0.003048420284193517,0.003923444083331807
LBP_bin18,LBP,0.015569442157646465,0.0053264387292011215,0.007189094881265592,0.012202038479534823,0.005833010214714027
LBP_bin19,LBP,0.011045830142050432,1.3322350800804016e-05,0.005322067574620666,0.007660911379828058,0.004662039529957735
LBP_bin20,LBP,0.007516493189434354,0.0018608612494602661,0.003248462886245065,0.007722138362466754,0.0074253915893951845
LBP_bin21,LBP,0.008938936105868824,0.00027161643693649113,0.0053845191645869725,0.004550536321576696,0.005276378290526229
LBP_bin22,LBP,0.007076887188836074,-0.0020968419744020676,0.002281493800168148,0.010706205618748505,0.005767658489844612
LBP_bin23,LBP,0.008903694167621717,0.0033241232516077026,0.0036363690561510413,0.010445833083869453,0.008148541605659683
LBP_bin24,LBP,0.014496810029646303,0.004935563595988243,0.004291544117060464,0.008225359498221289,0.005284623481152899
LBP_bin25,LBP,0.017562559995382896,0.0031750311982029784,0.005427665682399834,0.004065758683159249,0.004823996106081546
